[
  {
    "id": "14bf2aac-d2e3-41d9-8157-8c7c4c557b70",
    "data": [
      {
        "text": "add",
        "userDefined": false
      }
    ],
    "isTemplate": false,
    "count": 0,
    "updated": 0
  },
  {
    "id": "f9bda59e-8600-47c0-9f70-a1d1f31d7da4",
    "data": [
      {
        "text": "add ",
        "userDefined": false
      },
      {
        "text": "fire",
        "alias": "danger",
        "meta": "@danger",
        "userDefined": false
      },
      {
        "text": " report next to me",
        "userDefined": false
      }
    ],
    "isTemplate": false,
    "count": 0,
    "updated": 0
  },
  {
    "id": "b2652653-0bfc-4ed2-b1b4-76d4c0499313",
    "data": [
      {
        "text": "add ",
        "userDefined": false
      },
      {
        "text": "mountain view",
        "alias": "interestingPlace",
        "meta": "@interestingPlace",
        "userDefined": false
      },
      {
        "text": " next to me",
        "userDefined": false
      }
    ],
    "isTemplate": false,
    "count": 0,
    "updated": 0
  },
  {
    "id": "4ccf212f-70cc-4de3-b924-87e3f0ecbb4f",
    "data": [
      {
        "text": "report ",
        "userDefined": false
      },
      {
        "text": "lake",
        "alias": "interestingPlace",
        "meta": "@interestingPlace",
        "userDefined": false
      },
      {
        "text": " near me",
        "userDefined": false
      }
    ],
    "isTemplate": false,
    "count": 0,
    "updated": 0
  },
  {
    "id": "d1a4bcca-0333-4d60-b7e7-777f74510330",
    "data": [
      {
        "text": "report ",
        "userDefined": false
      },
      {
        "text": "pond",
        "alias": "interestingPlace",
        "meta": "@interestingPlace",
        "userDefined": false
      },
      {
        "text": " at my location",
        "userDefined": false
      }
    ],
    "isTemplate": false,
    "count": 0,
    "updated": 0
  },
  {
    "id": "b8e8ab74-d3cb-40ec-a974-28ae04c5c020",
    "data": [
      {
        "text": "Please report this ",
        "userDefined": false
      },
      {
        "text": "beautiful view",
        "alias": "interestingPlace",
        "meta": "@interestingPlace",
        "userDefined": false
      }
    ],
    "isTemplate": false,
    "count": 0,
    "updated": 0
  },
  {
    "id": "c7d828b7-a614-4d51-84f4-7e094cdbff7c",
    "data": [
      {
        "text": "fire",
        "alias": "danger",
        "meta": "@danger",
        "userDefined": false
      },
      {
        "text": " near me",
        "userDefined": false
      }
    ],
    "isTemplate": false,
    "count": 0,
    "updated": 0
  },
  {
    "id": "bb574e4b-0622-4b3c-871f-80b1eda2682a",
    "data": [
      {
        "text": "report ",
        "userDefined": false
      },
      {
        "text": "fire",
        "alias": "danger",
        "meta": "@danger",
        "userDefined": false
      }
    ],
    "isTemplate": false,
    "count": 0,
    "updated": 0
  },
  {
    "id": "1b2b402f-3bde-4872-b332-5ab0fac750ed",
    "data": [
      {
        "text": "please report ",
        "userDefined": false
      },
      {
        "text": "fire",
        "alias": "danger",
        "meta": "@danger",
        "userDefined": false
      }
    ],
    "isTemplate": false,
    "count": 0,
    "updated": 0
  },
  {
    "id": "d9f195f2-87d2-428f-8075-21c8ffc7f933",
    "data": [
      {
        "text": "please report ",
        "userDefined": false
      },
      {
        "text": "pothole",
        "alias": "danger",
        "meta": "@danger",
        "userDefined": false
      }
    ],
    "isTemplate": false,
    "count": 0,
    "updated": 0
  }
]